日付,有効化されたメンバーシップの合計,有効化された通常メンバーの合計,有効化されたゲスト,アクティブなメンバー数（日次）,メッセージを投稿した人数（日次）,アクティブなメンバー数（週次）,メッセージを投稿した人数（週次）,パブリックチャンネルのメッセージ,プライベートチャンネルのメッセージ,共有チャンネルへの投稿メッセージ数,ダイレクトメッセージでの投稿メッセージ数,メッセージの割合、パブリックチャンネル,メッセージの割合、プライベートチャンネル,メッセージの割合、DM,表示回数の割合、パブリックチャンネル,表示回数の割合、プライベートチャンネル,表示回数の割合、DM,通常メンバーの合計,ゲストの合計,総メンバー数,申請された通常メンバー総数,申請されたゲスト総数,申請されたメンバーの合計,アップロードファイル数,メンバーにより投稿されたメッセージ数,パブリックチャンネル、1つのワークスペース,投稿されたメッセージ数,アプリが投稿したメッセージ数,アクティブなメンバー数（月間）,メッセージを投稿した人数（月間）
日期,已激活会员总数,已激活普通会员总数,已激活访客总数,每日活跃会员,每日留言数,每周活跃会员,每周留言数,公共频道留言数,私人频道留言数,共享频道留言数,私信留言数,留言百分比-公共频道,留言百分比-私人频道,留言百分比-私信,浏览百分比-公共频道,浏览百分比-私人频道,浏览百分比-私信,普通会员总数,访客总数,会员总数,申请的普通会员总数,申请的访客总数,申请的会员总数,上传的文件数,会员发布消息数,公共频道-一个工作区,发布消息数,应用发布消息数,活跃会员数（每月）,发布消息人数（每月）
2024-05-06,551,446,105,295,86,421,350,57,55,0,323,0.131,0.1264,0.7425,0.5719,0.0943,0.3338,449,105,554,446,102,548,75,435,760,485,0,445,420
2024-05-07,551,446,105,357,211,418,340,265,25,10,435,0.3655,0.0345,0.6,0.8368,0.0221,0.1411,449,105,554,446,102,548,95,725,760,849,1,445,420
2024-05-08,551,446,105,357,100,420,342,50,11,1,357,0.1196,0.0263,0.8541,0.8361,0.0153,0.1485,449,105,554,446,102,548,64,418,760,501,2,445,420
2024-05-09,552,447,105,363,112,418,338,36,23,0,415,0.0759,0.0485,0.8755,0.7155,0.05,0.2345,450,105,555,447,102,549,70,474,761,570,1,445,419
2024-05-10,554,447,107,379,166,431,332,110,18,1,782,0.1209,0.0198,0.8593,0.6349,0.036,0.3291,450,107,557,447,104,551,94,910,761,1008,2,445,422
2024-05-11,554,447,107,271,80,432,335,133,1,1,215,0.3811,0.0029,0.616,0.6984,0.0047,0.297,450,107,557,447,104,551,54,349,762,406,1,445,423
2024-05-12,554,447,107,201,62,432,334,77,3,0,185,0.2906,0.0113,0.6981,0.6258,0.0243,0.3499,450,107,557,447,104,551,32,265,763,301,4,445,423
2024-05-13,555,447,108,383,156,433,356,360,12,9,736,0.3249,0.0108,0.6643,0.8025,0.0168,0.1806,450,108,558,447,105,552,115,1108,763,1228,2,446,420
2024-05-14,555,447,108,385,234,433,360,401,20,7,593,0.3955,0.0197,0.5848,0.7479,0.0228,0.2293,450,108,558,447,105,552,121,1014,763,1113,1,445,420
2024-05-15,555,447,108,335,123,433,362,203,8,0,573,0.2589,0.0102,0.7309,0.8705,0.01,0.1195,450,108,558,447,105,552,67,784,763,849,0,445,417
2024-05-16,556,447,109,395,159,436,362,272,10,8,470,0.3617,0.0133,0.625,0.7849,0.0204,0.1947,450,109,559,447,106,553,92,752,763,872,0,446,418
2024-05-17,556,447,109,375,176,435,370,225,8,0,672,0.2486,0.0088,0.7425,0.7673,0.0221,0.2106,450,109,559,447,106,553,107,905,763,981,0,446,417
2024-05-18,558,447,111,159,67,436,369,44,2,0,280,0.135,0.0061,0.8589,0.3707,0.0341,0.5951,450,111,561,447,108,555,36,326,763,355,1,447,415
2024-05-19,558,447,111,243,79,436,367,56,2,0,244,0.1854,0.0066,0.8079,0.5492,0.0207,0.4301,450,111,561,447,108,555,50,302,763,336,1,447,416
2024-05-20,558,447,111,376,164,440,359,199,14,8,633,0.2352,0.0165,0.7482,0.6928,0.0213,0.286,450,111,561,447,108,555,145,846,763,928,0,448,413
2024-05-21,558,447,111,311,82,440,320,14,8,6,351,0.0375,0.0214,0.941,0.5435,0.0236,0.433,450,111,561,447,108,555,41,373,763,419,3,448,412
2024-05-22,558,447,111,376,109,437,317,99,3,0,714,0.1213,0.0037,0.875,0.8572,0.0054,0.1374,450,111,561,447,108,555,58,816,763,860,1,448,411
2024-05-23,558,447,111,380,123,435,306,74,5,0,538,0.1199,0.0081,0.872,0.7083,0.0207,0.271,450,111,561,447,108,555,136,617,764,728,1,448,410
2024-05-24,558,447,111,382,159,436,302,173,6,1,733,0.1897,0.0066,0.8037,0.7252,0.0161,0.2586,450,111,561,447,108,555,129,912,764,1005,0,448,411
2024-05-25,558,447,111,210,75,437,301,13,0,0,504,0.0251,0,0.9749,0.3482,0.001,0.6508,450,111,561,447,108,555,29,517,764,551,0,449,411
2024-05-26,560,447,113,224,76,438,308,37,3,0,355,0.0937,0.0076,0.8987,0.6314,0.0141,0.3544,450,113,563,447,109,556,55,395,765,435,1,450,412
2024-05-27,560,447,113,359,201,430,315,259,20,9,637,0.2828,0.0218,0.6954,0.8569,0.0144,0.1287,450,113,563,447,110,557,84,916,766,1010,0,450,415
2024-05-28,560,447,113,389,289,430,365,544,15,14,507,0.5103,0.0141,0.4756,0.8896,0.0072,0.1032,450,113,563,447,110,557,136,1066,766,1199,1,450,415
2024-05-29,560,447,113,358,123,432,366,105,2,0,479,0.1792,0.0034,0.8174,0.8798,0.0027,0.1175,450,113,563,447,110,557,39,586,766,626,0,450,415
2024-05-30,560,447,113,388,134,431,364,131,6,6,654,0.1656,0.0076,0.8268,0.7473,0.0138,0.2388,450,113,563,447,110,557,95,791,766,894,0,450,414
2024-05-31,560,447,113,401,187,434,364,172,6,0,929,0.1554,0.0054,0.8392,0.7046,0.0153,0.2801,450,113,563,447,110,557,96,1107,766,1212,0,450,415
2024-06-01,561,447,114,187,81,432,362,34,5,1,272,0.1093,0.0161,0.8746,0.4031,0.0523,0.5446,450,114,564,447,110,557,86,311,766,364,1,450,415
2024-06-02,561,447,114,264,74,433,362,63,0,0,272,0.1881,0,0.8119,0.5174,0.0093,0.4734,450,114,564,447,110,557,58,335,766,381,1,450,415
2024-06-03,561,447,114,378,178,437,360,273,14,6,732,0.2679,0.0137,0.7184,0.7154,0.0131,0.2715,450,114,564,447,111,558,163,1019,767,1158,1,450,415
2024-06-04,561,447,114,376,217,436,351,223,30,12,575,0.2693,0.0362,0.6944,0.7845,0.0159,0.1995,450,114,564,447,111,558,95,828,767,914,1,450,413
2024-06-05,561,447,114,379,237,439,371,548,31,1,1084,0.3295,0.0186,0.6518,0.8124,0.0099,0.1777,450,114,564,447,111,558,101,1663,767,1751,0,451,415
2024-06-06,561,447,114,396,158,444,368,84,14,2,1661,0.0478,0.008,0.9443,0.5935,0.0154,0.3911,450,114,564,447,111,558,131,1759,768,1947,0,453,414
2024-06-07,561,447,114,361,168,440,365,143,3,0,841,0.1449,0.003,0.8521,0.6288,0.0057,0.3655,450,114,564,447,111,558,129,987,769,1103,0,452,414
2024-06-08,561,447,114,233,79,441,364,8,0,0,429,0.0183,0,0.9817,0.405,0.0052,0.5897,450,114,564,447,111,558,81,437,769,492,0,453,414
2024-06-09,561,447,114,358,96,441,367,21,4,0,546,0.0368,0.007,0.9562,0.6506,0.0107,0.3388,450,114,564,447,111,558,105,571,769,643,1,453,413
2024-06-10,561,447,114,351,74,440,357,14,27,6,252,0.0478,0.0922,0.8601,0.7243,0.0513,0.2243,450,114,564,447,111,558,54,293,769,346,1,453,412
2024-06-11,561,447,114,352,79,440,336,32,17,6,345,0.0812,0.0431,0.8756,0.7322,0.0325,0.2353,450,114,564,447,111,558,38,394,769,438,1,453,409
2024-06-12,561,447,114,293,81,435,283,20,45,8,360,0.0471,0.1059,0.8471,0.4406,0.1202,0.4392,450,114,564,447,111,558,104,425,769,506,3,453,412
2024-06-13,561,447,114,398,185,436,306,2766,54,2,681,0.7901,0.0154,0.1945,0.961,0.0053,0.0337,450,114,564,447,111,558,323,3501,791,3961,4,453,414
2024-06-14,561,447,114,400,172,437,305,184,27,0,538,0.2457,0.036,0.7183,0.666,0.0699,0.2641,450,114,564,447,111,558,218,749,791,891,3,454,414
2024-06-15,560,447,113,140,70,435,300,44,0,0,228,0.1618,0,0.8382,0.4097,0.0084,0.5819,450,113,563,447,110,557,73,272,791,320,0,454,414
2024-06-16,560,447,113,325,52,435,289,49,0,0,172,0.2217,0,0.7783,0.8336,0.0037,0.1627,450,113,563,447,110,557,86,221,792,289,13,454,414
2024-06-17,560,447,113,316,107,437,298,60,10,0,555,0.096,0.016,0.888,0.6018,0.0158,0.3824,450,113,563,447,110,557,41,625,793,770,5,454,414
2024-06-18,565,447,118,383,176,440,326,170,15,11,458,0.2644,0.0233,0.7123,0.7417,0.0206,0.2377,450,118,568,447,112,559,143,643,793,805,16,457,414
2024-06-19,565,447,118,386,143,441,328,264,20,8,657,0.2806,0.0213,0.6982,0.6667,0.0213,0.3121,450,118,568,447,115,562,226,941,794,1123,0,460,415
2024-06-20,565,447,118,363,169,442,326,214,8,8,452,0.3175,0.0119,0.6706,0.9114,0.0067,0.0819,450,118,568,447,115,562,91,674,794,732,1,460,415
2024-06-21,568,447,121,368,144,439,321,111,3,0,624,0.1504,0.0041,0.8455,0.6093,0.0274,0.3633,450,121,571,447,115,562,43,738,794,783,2,460,412
2024-06-22,568,447,121,142,50,439,324,7,10,0,337,0.0198,0.0282,0.952,0.2259,0.0748,0.6994,450,121,571,447,115,562,48,354,794,389,0,459,412
2024-06-23,568,447,121,206,54,439,324,20,5,1,154,0.1117,0.0279,0.8603,0.5671,0.0583,0.3746,450,121,571,447,115,562,14,179,794,196,3,459,412
2024-06-24,568,447,121,346,85,437,324,22,19,12,329,0.0595,0.0514,0.8892,0.6324,0.0673,0.3003,450,121,571,447,115,562,23,370,794,399,0,459,408
2024-06-25,569,447,122,349,129,434,313,20,13,8,579,0.0327,0.0212,0.9461,0.596,0.0258,0.3782,450,122,572,447,116,563,78,612,794,680,1,460,406
2024-06-26,569,447,122,319,102,431,318,19,14,7,437,0.0404,0.0298,0.9298,0.5181,0.0361,0.4458,450,122,572,447,116,563,75,470,794,530,0,460,407
2024-06-27,569,447,122,383,173,432,311,282,11,6,913,0.2338,0.0091,0.757,0.8252,0.0111,0.1638,450,122,572,447,116,563,184,1206,816,1331,1,460,409
2024-06-28,572,447,125,392,173,436,322,163,18,0,690,0.1871,0.0207,0.7922,0.7505,0.0367,0.2128,450,125,575,447,116,563,114,871,817,971,0,457,412
2024-06-29,572,447,125,242,49,435,323,27,0,0,162,0.1429,0,0.8571,0.7065,0.0097,0.2838,450,125,575,447,116,563,24,189,818,218,1,456,411
2024-06-30,572,447,125,148,54,436,322,25,0,0,168,0.1295,0,0.8705,0.4716,0.0128,0.5156,450,125,575,447,117,564,12,193,818,209,1,457,411
2024-07-01,576,447,129,243,96,435,324,51,10,7,333,0.1294,0.0254,0.8452,0.4441,0.0526,0.5033,450,129,579,447,119,566,51,394,818,448,1,458,412
2024-07-02,576,447,129,343,128,440,321,30,15,14,427,0.0636,0.0318,0.9047,0.5905,0.0427,0.3668,450,129,579,447,121,568,97,472,816,650,1,463,411
2024-07-03,574,445,129,371,121,443,317,43,15,2,418,0.0903,0.0315,0.8782,0.4973,0.0322,0.4705,448,129,577,445,122,567,89,476,817,942,0,464,401
2024-07-04,568,438,130,399,151,442,311,147,13,2,614,0.1899,0.0168,0.7933,0.8029,0.0213,0.1758,441,130,571,438,123,561,142,774,817,896,0,463,401
2024-07-05,568,438,130,377,145,444,299,36,7,0,585,0.0573,0.0111,0.9315,0.5109,0.0679,0.4212,441,130,571,438,123,561,93,628,817,706,6,464,403
2024-07-06,568,438,130,94,42,443,299,0,0,0,209,0,0,1,0.1436,0.0146,0.8418,441,130,571,438,123,561,40,209,817,233,0,463,404
2024-07-07,568,438,130,278,53,444,301,11,2,0,136,0.0738,0.0134,0.9128,0.6631,0.0122,0.3247,441,130,571,438,123,561,41,149,817,169,2,464,404
2024-07-08,568,438,130,294,71,444,299,4,24,9,212,0.0167,0.1,0.8833,0.5386,0.1066,0.3548,441,130,571,438,123,561,33,240,817,275,0,464,406
2024-07-09,575,438,137,273,130,446,302,24,23,6,403,0.0533,0.0511,0.8956,0.4255,0.1152,0.4593,441,137,578,438,130,568,90,450,817,510,1,471,414
2024-07-10,575,438,137,276,86,444,289,15,9,6,576,0.025,0.015,0.96,0.3359,0.0401,0.6239,441,137,578,438,130,568,143,600,818,706,0,470,414
2024-07-11,575,438,137,386,151,443,293,78,35,11,417,0.1472,0.066,0.7868,0.7526,0.0626,0.1847,441,137,578,438,130,568,82,530,818,610,1,470,413
2024-07-12,575,438,137,387,228,445,327,269,10,0,784,0.2531,0.0094,0.7375,0.8067,0.0174,0.1758,441,137,578,438,130,568,89,1063,818,1154,2,470,414
2024-07-13,575,438,137,142,54,445,327,3,7,0,213,0.0135,0.0314,0.9552,0.3548,0.0599,0.5853,441,137,578,438,130,568,28,223,818,244,0,470,414
2024-07-14,575,438,137,130,49,444,326,5,1,0,185,0.0262,0.0052,0.9686,0.3125,0.0825,0.605,441,137,578,438,130,568,55,191,819,229,3,470,414
2024-07-15,575,438,137,354,76,446,319,7,0,0,435,0.0158,0,0.9842,0.6846,0.003,0.3123,441,137,578,438,130,568,60,442,819,500,2,470,413
2024-07-16,575,438,137,384,124,446,315,21,21,10,404,0.0471,0.0471,0.9058,0.662,0.0472,0.2908,441,137,578,438,130,568,103,446,821,529,1,468,412
2024-07-17,575,438,137,273,106,445,316,20,11,9,397,0.0467,0.0257,0.9276,0.443,0.0326,0.5244,441,137,578,438,130,568,60,428,821,490,0,466,410
2024-07-18,575,438,137,405,172,447,321,43,7,6,777,0.052,0.0085,0.9395,0.6881,0.0182,0.2937,441,137,578,438,130,568,98,827,820,961,0,468,411
2024-07-19,575,438,137,403,151,445,295,82,9,0,511,0.1362,0.015,0.8488,0.7615,0.03,0.2085,441,137,578,438,130,568,104,602,820,705,1,468,412
2024-07-20,575,438,137,296,50,446,293,13,2,0,239,0.0512,0.0079,0.9409,0.7094,0.0122,0.2784,441,137,578,438,130,568,46,254,820,293,0,468,412
2024-07-21,575,438,137,303,60,446,292,14,4,0,259,0.0505,0.0144,0.935,0.7337,0.0152,0.251,441,137,578,438,130,568,43,277,820,320,1,468,411
2024-07-22,575,438,137,327,96,447,297,11,19,6,560,0.0186,0.0322,0.9492,0.5056,0.0589,0.4355,441,137,578,438,130,568,78,590,820,668,2,467,410
2024-07-23,575,438,137,348,119,444,301,17,24,5,517,0.0305,0.043,0.9265,0.5047,0.0621,0.4332,441,137,578,438,130,568,144,558,820,657,0,468,409
2024-07-24,575,438,137,346,136,445,307,6,19,5,787,0.0074,0.0234,0.9692,0.3656,0.0445,0.59,441,137,578,438,130,568,134,812,820,917,0,468,409
2024-07-25,576,439,137,397,152,444,305,37,15,11,678,0.0507,0.0205,0.9288,0.663,0.0367,0.3003,442,137,579,439,130,569,129,730,821,835,2,468,410
2024-07-26,576,439,137,411,144,440,296,43,16,1,647,0.0609,0.0227,0.9164,0.7049,0.0503,0.2448,442,137,579,439,130,569,105,706,821,789,11,468,407
2024-07-27,576,439,137,185,55,438,296,3,7,0,357,0.0082,0.0191,0.9728,0.3125,0.0771,0.6104,442,137,579,439,130,569,47,367,821,403,4,468,407
2024-07-28,574,439,135,318,72,438,297,2,7,0,557,0.0035,0.0124,0.9841,0.3784,0.0291,0.5924,442,135,577,439,128,567,65,566,820,642,1,468,408
2024-07-29,574,439,135,374,89,437,299,25,18,6,577,0.0403,0.029,0.9306,0.5038,0.1312,0.365,442,135,577,439,128,567,80,620,821,676,0,466,407
2024-07-30,574,439,135,355,130,441,304,23,34,13,614,0.0343,0.0507,0.9151,0.5754,0.065,0.3596,442,135,577,439,128,567,84,671,821,742,1,462,405
2024-07-31,574,439,135,357,104,440,298,10,13,9,736,0.0132,0.0171,0.9697,0.4732,0.0526,0.4742,442,135,577,439,128,567,60,759,821,820,0,460,405
2024-08-01,574,439,135,353,88,440,279,21,29,0,245,0.0712,0.0983,0.8305,0.5873,0.0916,0.3211,442,135,577,439,128,567,28,295,824,367,1,460,404
2024-08-02,574,439,135,152,56,438,256,5,2,0,180,0.0267,0.0107,0.9626,0.4125,0.0411,0.5464,442,135,577,439,128,567,110,187,825,265,29,461,402
2024-08-03,574,439,135,148,42,438,250,3,3,0,117,0.0244,0.0244,0.9512,0.4293,0.0299,0.5408,442,135,577,439,128,567,20,123,825,141,3,461,401
2024-08-04,574,439,135,243,53,438,243,8,7,0,294,0.0259,0.0227,0.9515,0.4218,0.0367,0.5416,442,135,577,439,128,567,29,309,825,333,2,460,401
2024-08-05,574,439,135,247,71,437,235,35,36,18,279,0.1,0.1029,0.7971,0.4093,0.1361,0.4546,442,135,577,439,128,567,53,350,826,382,0,461,400
2024-08-06,574,439,135,173,59,431,200,2,9,2,453,0.0043,0.0194,0.9763,0.2272,0.0568,0.716,442,135,577,439,128,567,41,464,826,504,4,460,391
2024-08-07,574,439,135,150,48,427,178,1,15,1,127,0.007,0.1049,0.8881,0.2296,0.3223,0.4481,442,135,577,439,128,567,31,143,826,165,2,459,390
2024-08-08,574,439,135,311,56,417,169,3,19,4,277,0.01,0.0635,0.9264,0.4158,0.2043,0.3799,442,135,577,439,128,567,45,299,826,347,1,459,388
2024-08-09,574,439,135,184,63,414,174,4,22,7,220,0.0163,0.0894,0.8943,0.3034,0.2048,0.4918,442,135,577,439,128,567,36,246,825,307,15,456,378
2024-08-10,574,439,135,122,46,415,170,1,1,1,157,0.0063,0.0063,0.9874,0.2802,0.0522,0.6676,442,135,577,439,128,567,15,159,826,182,2,456,378
2024-08-11,574,439,135,81,32,406,160,2,1,0,120,0.0163,0.0081,0.9756,0.2583,0.0333,0.7083,442,135,577,439,128,567,20,123,826,172,36,456,377
2024-08-12,574,439,135,122,37,391,142,2,1,0,122,0.016,0.008,0.976,0.3971,0.0429,0.56,442,135,577,439,128,567,33,125,826,156,14,456,377
2024-08-13,574,439,135,251,45,398,138,9,2,1,196,0.0435,0.0097,0.9469,0.571,0.0287,0.4003,442,135,577,439,128,567,17,207,826,231,7,456,375
2024-08-14,574,439,135,185,52,395,142,3,6,6,276,0.0105,0.0211,0.9684,0.3565,0.0311,0.6124,442,135,577,439,128,567,52,285,826,302,4,456,374
2024-08-15,574,439,135,118,49,370,135,0,5,4,134,0,0.036,0.964,0.1815,0.1292,0.6892,442,135,577,439,128,567,22,139,826,160,2,454,366
2024-08-16,574,439,135,137,38,376,124,1,7,5,144,0.0066,0.0461,0.9474,0.2821,0.1713,0.5466,442,135,577,439,128,567,21,152,826,184,14,454,354
2024-08-17,574,439,135,114,35,376,123,0,2,0,92,0,0.0213,0.9787,0.1654,0.252,0.5827,442,135,577,439,128,567,8,94,826,103,0,453,353
2024-08-18,574,439,135,99,41,377,123,3,2,2,173,0.0169,0.0112,0.9719,0.2,0.0506,0.7494,442,135,577,439,128,567,20,178,827,199,1,453,354
2024-08-19,574,439,135,295,48,395,129,5,18,4,167,0.0263,0.0947,0.8789,0.6146,0.0718,0.3135,442,135,577,439,128,567,8,190,827,198,0,451,351
2024-08-20,574,439,135,290,58,391,134,7,14,0,225,0.0285,0.0569,0.9146,0.5104,0.1005,0.3891,442,135,577,439,128,567,34,246,829,280,1,451,342
2024-08-21,574,439,135,239,50,393,142,14,17,0,182,0.0657,0.0798,0.8545,0.5225,0.095,0.3825,442,135,577,439,128,567,21,213,830,305,0,452,336
2024-08-22,574,439,135,293,61,395,138,7,13,0,217,0.0295,0.0549,0.9156,0.66,0.063,0.2769,442,135,577,439,128,567,63,237,832,275,0,451,319
2024-08-23,574,439,135,268,54,391,134,5,24,6,260,0.0173,0.083,0.8997,0.6373,0.0579,0.3048,442,135,577,439,128,567,40,289,832,318,0,448,304
2024-08-24,574,439,135,258,36,390,136,2,5,0,60,0.0299,0.0746,0.8955,0.7945,0.0466,0.1589,442,135,577,439,128,567,10,67,832,74,0,447,301
2024-08-25,574,439,135,96,26,392,134,1,1,0,76,0.0128,0.0128,0.9744,0.443,0.1181,0.4388,442,135,577,439,128,567,18,78,832,93,1,447,296
2024-08-26,574,439,135,167,34,391,136,2,18,11,79,0.0202,0.1818,0.798,0.5217,0.1141,0.3641,442,135,577,439,128,567,18,99,832,113,0,446,285
2024-08-27,574,439,135,162,48,388,128,5,25,5,182,0.0236,0.1179,0.8585,0.3593,0.098,0.5426,442,135,577,439,128,567,29,212,832,238,1,445,268
2024-08-28,574,439,135,289,42,392,127,3,5,2,114,0.0246,0.041,0.9344,0.6985,0.0584,0.2431,442,135,577,439,128,567,44,122,832,156,1,446,253
2024-08-29,574,439,135,170,54,388,132,2,9,7,164,0.0114,0.0514,0.9371,0.3705,0.1411,0.4884,442,135,577,439,128,567,12,175,832,187,2,444,250
2024-08-30,575,439,136,108,40,393,130,0,22,8,138,0,0.1375,0.8625,0.1994,0.2321,0.5685,442,136,578,439,128,567,36,160,832,185,1,444,248
2024-08-31,575,439,136,67,24,390,126,0,0,0,96,0,0,1,0.2652,0.053,0.6818,442,136,578,439,128,567,44,96,834,126,1,444,245
2024-09-01,575,439,136,78,36,390,125,4,15,0,87,0.0377,0.1415,0.8208,0.2345,0.2301,0.5354,442,136,578,439,128,567,9,106,834,116,1,443,242
2024-09-02,575,439,136,113,41,397,122,1,19,7,154,0.0057,0.1092,0.8851,0.1722,0.2556,0.5722,442,136,578,439,129,568,19,174,834,193,0,443,234
2024-09-03,575,439,136,271,47,396,119,3,13,0,258,0.0109,0.0474,0.9416,0.4135,0.0848,0.5017,442,136,578,439,129,568,27,274,833,450,1,441,227
2024-09-04,575,439,136,295,48,389,116,4,11,1,171,0.0215,0.0591,0.9194,0.6708,0.0429,0.2863,442,136,578,439,129,568,40,186,832,215,0,438,224
2024-09-05,575,439,136,252,52,393,113,1,30,1,264,0.0034,0.1017,0.8949,0.4089,0.1844,0.4067,442,136,578,439,129,568,42,295,832,323,1,438,220
2024-09-06,575,439,136,267,49,398,111,14,15,1,211,0.0583,0.0625,0.8792,0.5801,0.0449,0.375,442,136,578,439,129,568,19,240,832,253,0,438,218
2024-09-07,575,439,136,107,26,401,110,1,19,1,60,0.0125,0.2375,0.75,0.4359,0.2601,0.304,442,136,578,439,129,568,15,80,832,102,8,438,215
2024-09-08,575,439,136,108,35,405,111,2,3,0,170,0.0114,0.0171,0.9714,0.385,0.0775,0.5375,442,136,578,439,129,568,29,175,833,198,0,438,217
2024-09-09,575,439,136,218,57,393,116,8,3,0,305,0.0253,0.0095,0.9652,0.5063,0.0408,0.4529,442,136,578,439,129,568,36,316,835,348,4,439,216
2024-09-10,575,439,136,314,52,394,125,28,12,0,288,0.0854,0.0366,0.878,0.7272,0.0347,0.2381,442,136,578,439,129,568,31,328,836,351,1,439,220
2024-09-11,575,439,136,120,39,394,130,10,6,0,60,0.1316,0.0789,0.7895,0.7099,0.0442,0.2459,442,136,578,439,129,568,11,76,836,92,7,440,222
2024-09-12,575,439,136,160,56,395,131,5,12,2,247,0.0189,0.0455,0.9356,0.4118,0.1354,0.4528,442,136,578,439,129,568,55,264,838,309,0,440,224
2024-09-13,575,439,136,153,35,388,125,1,22,5,123,0.0068,0.1507,0.8425,0.2901,0.2572,0.4527,442,136,578,439,129,568,21,146,838,168,2,437,222
2024-09-14,575,439,136,147,29,388,127,0,16,0,69,0,0.1882,0.8118,0.3743,0.3567,0.269,442,136,578,439,129,568,10,85,838,90,0,436,223
2024-09-15,575,439,136,147,41,391,138,2,22,0,87,0.018,0.1982,0.7838,0.3377,0.4232,0.239,442,136,578,439,129,568,24,111,838,124,2,436,224
2024-09-16,575,439,136,119,34,392,128,1,7,7,121,0.0078,0.0543,0.938,0.2766,0.0881,0.6352,442,136,578,439,129,568,13,129,838,147,3,438,221
2024-09-17,575,439,136,256,46,376,125,21,9,8,113,0.1469,0.0629,0.7902,0.7489,0.0644,0.1867,442,136,578,439,129,568,46,143,839,165,2,441,220
2024-09-18,575,439,136,308,59,392,139,32,5,4,84,0.2645,0.0413,0.6942,0.8552,0.025,0.1197,442,136,578,439,129,568,14,121,847,139,4,441,236
2024-09-19,575,439,136,366,70,408,151,24,14,1,197,0.1021,0.0596,0.8383,0.7322,0.1102,0.1576,442,136,578,439,129,568,26,235,850,270,1,442,245
2024-09-20,575,439,136,410,163,425,225,114,15,0,687,0.1397,0.0184,0.8419,0.7255,0.0701,0.2045,442,136,578,439,129,568,82,816,856,1321,7,447,293
2024-09-21,575,439,136,236,27,427,227,5,6,6,98,0.0459,0.055,0.8991,0.7773,0.0534,0.1693,442,136,578,439,129,568,25,109,856,130,4,447,292
2024-09-22,575,439,136,232,40,428,228,14,0,0,127,0.0993,0,0.9007,0.7259,0.0334,0.2406,442,136,578,439,129,568,21,141,857,175,24,447,294
2024-09-23,575,439,136,365,92,430,248,14,11,4,333,0.0391,0.0307,0.9302,0.6367,0.0408,0.3225,442,136,578,439,129,568,99,358,853,1074,2,447,306
2024-09-24,575,439,136,399,153,434,290,128,51,3,265,0.2883,0.1149,0.5968,0.784,0.0688,0.1472,442,136,578,439,129,568,66,444,857,730,5,449,334
2024-09-25,575,435,140,390,196,435,345,199,19,3,357,0.3461,0.033,0.6209,0.9028,0.026,0.0713,438,140,578,435,133,568,52,575,858,628,0,449,381
2024-09-26,575,435,140,327,148,434,376,469,23,3,427,0.5103,0.025,0.4646,0.8816,0.0399,0.0785,438,140,578,435,133,568,62,919,861,998,0,449,400
2024-09-27,575,435,140,385,141,432,368,63,2,0,490,0.1135,0.0036,0.8829,0.7725,0.0233,0.2042,438,140,578,435,133,568,71,555,861,616,1,450,402
2024-09-28,575,435,140,197,43,431,370,11,4,4,107,0.0902,0.0328,0.877,0.6625,0.0269,0.3106,438,140,578,435,133,568,15,122,861,139,0,450,403
2024-09-29,575,435,140,134,41,433,371,4,1,0,119,0.0323,0.0081,0.9597,0.4201,0.0542,0.5257,438,140,578,435,133,568,27,124,861,149,1,450,402
2024-09-30,575,435,140,342,159,434,377,127,10,2,693,0.153,0.012,0.8349,0.7047,0.0409,0.2544,438,140,578,435,133,568,62,830,861,874,0,447,407
2024-10-01,575,435,140,374,147,433,374,122,35,8,311,0.2607,0.0748,0.6645,0.7895,0.0643,0.1462,438,140,578,435,133,568,57,468,859,528,1,445,407
2024-10-02,575,435,140,368,178,431,329,117,25,0,572,0.1639,0.035,0.8011,0.7638,0.0462,0.19,438,140,578,435,133,568,95,714,859,785,0,445,409
2024-10-03,575,435,140,307,113,434,327,221,6,0,302,0.4178,0.0113,0.5709,0.8983,0.0216,0.08,438,140,578,435,133,568,80,529,859,614,5,445,407
2024-10-04,575,435,140,382,161,430,323,110,96,0,568,0.1421,0.124,0.7339,0.6146,0.1988,0.1866,438,140,578,435,133,568,123,774,861,873,1,444,409
2024-10-05,575,435,140,203,40,429,322,10,1,0,98,0.0917,0.0092,0.8991,0.5723,0.1219,0.3058,438,140,578,435,133,568,7,109,861,118,0,444,409
2024-10-06,575,435,140,126,41,429,323,6,0,0,183,0.0317,0,0.9683,0.4084,0.0371,0.5545,438,140,578,435,133,568,15,189,861,203,2,445,410
2024-10-07,575,435,140,366,87,427,309,23,18,5,373,0.0556,0.0435,0.901,0.7311,0.027,0.242,438,140,578,435,133,568,69,414,861,478,1,445,410
2024-10-08,575,435,140,375,140,427,312,110,25,4,283,0.2632,0.0598,0.677,0.7926,0.0625,0.145,438,140,578,435,133,568,77,418,861,482,1,445,409
2024-10-09,575,435,140,363,129,426,308,69,13,0,327,0.1687,0.0318,0.7995,0.7231,0.0559,0.221,438,140,578,435,133,568,40,409,861,450,0,445,410
2024-10-10,575,435,140,316,130,424,305,183,13,3,343,0.3395,0.0241,0.6364,0.8632,0.0279,0.1089,438,140,578,435,133,568,74,539,861,609,0,445,410
2024-10-11,575,435,140,315,81,419,283,56,20,8,172,0.2258,0.0806,0.6935,0.6841,0.1157,0.2003,438,140,578,435,133,568,46,248,860,297,0,445,410
2024-10-12,575,435,140,271,52,419,282,30,5,4,104,0.2158,0.036,0.7482,0.7915,0.0403,0.1682,438,140,578,435,133,568,21,139,860,154,0,445,410
2024-10-13,575,435,140,198,42,419,285,20,0,0,110,0.1538,0,0.8462,0.6486,0.0347,0.3166,438,140,578,435,133,568,61,130,860,150,1,445,410
2024-10-14,575,435,140,169,46,418,273,21,2,0,115,0.1522,0.0145,0.8333,0.6262,0.0391,0.3346,438,140,578,435,133,568,20,138,860,155,0,445,410
2024-10-15,575,435,140,361,140,416,271,113,30,9,259,0.2811,0.0746,0.6443,0.8187,0.0421,0.1391,438,140,578,435,133,568,26,402,861,453,1,445,408
2024-10-16,575,435,140,370,136,415,285,92,10,0,400,0.1833,0.0199,0.7968,0.7761,0.0248,0.1991,438,140,578,435,133,568,106,502,861,617,10,444,408
2024-10-17,575,435,140,349,130,421,284,281,15,3,288,0.4812,0.0257,0.4932,0.8471,0.0408,0.1121,438,140,578,435,133,568,289,584,861,658,1,443,408
2024-10-18,575,435,140,350,141,422,302,89,16,2,573,0.1313,0.0236,0.8451,0.5767,0.0769,0.3464,438,140,578,435,133,568,93,678,861,794,0,441,404
2024-10-19,575,435,140,226,39,422,300,14,3,0,149,0.0843,0.0181,0.8976,0.6089,0.0686,0.3225,438,140,578,435,133,568,13,166,861,181,3,440,404
2024-10-20,575,435,140,235,43,423,300,8,0,0,150,0.0506,0,0.9494,0.6712,0.0209,0.3079,438,140,578,435,133,568,42,158,862,189,1,440,404
2024-10-21,575,435,140,336,89,424,303,30,39,8,284,0.085,0.1105,0.8045,0.7353,0.0771,0.1876,438,140,578,435,133,568,81,353,862,408,2,439,401
2024-10-22,575,435,140,322,127,420,296,113,26,7,200,0.3333,0.0767,0.59,0.7456,0.0967,0.1577,438,140,578,435,133,568,70,339,862,405,1,439,399
2024-10-23,575,435,140,360,176,420,313,146,22,0,450,0.2362,0.0356,0.7282,0.7352,0.0492,0.2156,438,140,578,435,133,568,103,618,867,713,1,440,383
2024-10-24,575,435,140,270,140,419,321,324,8,6,422,0.4297,0.0106,0.5597,0.8438,0.0236,0.1325,438,140,578,435,133,568,95,754,867,817,0,440,384
2024-10-25,575,435,140,345,148,417,330,98,13,0,523,0.1546,0.0205,0.8249,0.5879,0.0903,0.3218,438,140,578,435,133,568,85,634,868,699,0,438,384
2024-10-26,575,435,140,178,28,418,333,12,0,0,158,0.0706,0,0.9294,0.5302,0.0249,0.4448,438,140,578,435,133,568,29,170,868,202,0,438,387
2024-10-27,575,435,140,253,48,419,330,23,0,0,126,0.1544,0,0.8456,0.6614,0.0206,0.318,438,140,578,435,133,568,20,149,869,170,3,438,387
2024-10-28,575,435,140,342,112,423,337,34,20,13,361,0.0819,0.0482,0.8699,0.6553,0.0541,0.2906,438,140,578,435,133,568,86,415,869,493,0,438,387
2024-10-29,575,435,140,358,160,425,341,140,17,3,506,0.2112,0.0256,0.7632,0.6542,0.0479,0.2979,438,140,578,435,133,568,110,663,871,775,1,437,389
2024-10-30,575,435,140,348,147,421,345,81,11,0,513,0.1339,0.0182,0.8479,0.6852,0.0391,0.2757,438,140,578,435,133,568,76,605,877,676,1,437,391
2024-10-31,575,435,140,333,159,420,340,137,1,0,680,0.1675,0.0012,0.8313,0.68,0.0231,0.2969,438,140,578,435,133,568,115,818,878,915,2,436,390
2024-11-01,575,435,140,375,197,424,350,135,15,1,599,0.1802,0.02,0.7997,0.6132,0.0496,0.3373,438,140,578,435,133,568,81,749,883,826,6,437,389
2024-11-02,575,435,140,195,87,427,349,49,6,0,320,0.1307,0.016,0.8533,0.3534,0.0825,0.564,438,140,578,435,133,568,58,375,884,424,0,438,390
2024-11-03,575,435,140,266,85,426,348,112,4,2,176,0.3836,0.0137,0.6027,0.5662,0.04,0.3938,438,140,578,435,133,568,86,292,884,335,1,438,389
2024-11-04,575,435,140,330,145,422,344,88,16,0,525,0.1399,0.0254,0.8347,0.4016,0.1653,0.4331,438,140,578,435,133,568,258,629,883,736,5,439,388
2024-11-05,575,435,140,359,189,423,343,146,50,7,810,0.1451,0.0497,0.8052,0.4734,0.0829,0.4437,438,140,578,435,133,568,208,1006,885,1138,0,437,390
2024-11-06,575,435,140,337,155,425,344,94,25,0,591,0.1324,0.0352,0.8324,0.6543,0.067,0.2787,438,140,578,435,133,568,97,710,885,820,2,439,391
2024-11-07,575,435,140,296,167,425,353,241,16,3,696,0.2529,0.0168,0.7303,0.7301,0.033,0.2369,438,140,578,435,133,568,213,953,885,1125,1,440,394
2024-11-08,575,435,140,377,160,420,356,123,23,0,495,0.1919,0.0359,0.7722,0.6737,0.089,0.2373,438,140,578,435,133,568,101,641,885,749,1,438,395
2024-11-09,575,435,140,188,62,419,353,36,6,0,165,0.1739,0.029,0.7971,0.5292,0.0989,0.3719,438,140,578,435,133,568,30,207,888,234,5,438,395
2024-11-10,575,435,140,184,55,419,352,18,1,0,158,0.1017,0.0056,0.8927,0.6074,0.0526,0.34,438,140,578,435,133,568,19,177,894,196,2,438,395
2024-11-11,575,435,140,322,101,422,354,27,11,6,500,0.0502,0.0204,0.9294,0.5773,0.0656,0.3572,438,140,578,435,133,568,89,538,895,592,0,439,396
2024-11-12,575,435,140,290,92,422,335,26,23,8,316,0.0712,0.063,0.8658,0.4247,0.279,0.2963,438,140,578,435,133,568,56,365,895,466,0,437,397
2024-11-13,575,435,140,298,100,420,306,26,29,0,333,0.067,0.0747,0.8582,0.4581,0.2476,0.2943,438,140,578,435,133,568,193,388,895,456,0,437,398
2024-11-14,575,435,140,348,94,419,272,41,50,0,382,0.0867,0.1057,0.8076,0.4076,0.4335,0.1589,438,140,578,435,133,568,226,473,895,531,0,437,400
2024-11-15,575,435,140,314,70,416,230,14,24,0,185,0.0628,0.1076,0.8296,0.6122,0.1502,0.2376,438,140,578,435,133,568,55,223,896,260,0,437,400
2024-11-16,575,435,140,257,53,417,233,10,17,0,198,0.0444,0.0756,0.88,0.5722,0.181,0.2468,438,140,578,435,133,568,27,225,897,275,2,437,401
2024-11-17,575,435,140,201,64,416,236,8,11,0,310,0.0243,0.0334,0.9422,0.4359,0.0641,0.5,438,140,578,435,133,568,31,329,897,355,1,437,401
2024-11-18,575,435,140,359,77,416,230,24,26,4,235,0.0842,0.0912,0.8246,0.7771,0.0642,0.1587,442,140,582,435,133,568,35,285,903,442,4,438,402
2024-11-19,577,437,140,392,149,424,270,223,30,4,469,0.3089,0.0416,0.6496,0.7629,0.0383,0.1987,442,140,582,437,133,570,470,722,859,1877,1,442,404
2024-11-20,577,437,140,357,106,423,267,39,57,4,599,0.0561,0.082,0.8619,0.7014,0.0505,0.2481,442,140,582,437,133,570,94,695,859,817,0,440,403
2024-11-21,577,437,140,350,134,421,289,159,4,0,333,0.3206,0.0081,0.6714,0.8442,0.0289,0.1268,442,140,582,437,133,570,71,496,859,541,3,440,403
2024-11-22,577,437,140,376,140,425,314,91,17,2,550,0.1383,0.0258,0.8359,0.6583,0.058,0.2837,442,140,582,437,133,570,155,658,862,790,1,442,400
2024-11-23,577,437,140,183,43,425,310,19,2,0,146,0.1138,0.012,0.8743,0.595,0.0579,0.3471,442,140,582,437,133,570,24,167,862,185,0,442,400
2024-11-24,577,437,140,247,55,425,305,22,1,0,187,0.1048,0.0048,0.8905,0.6533,0.0163,0.3304,442,140,582,437,133,570,92,210,862,245,1,441,400
2024-11-25,577,437,140,335,136,429,316,139,25,6,323,0.2854,0.0513,0.6632,0.713,0.0497,0.2373,442,140,582,437,133,570,78,487,864,545,0,441,400
2024-11-26,577,437,140,386,199,425,328,220,17,4,630,0.2537,0.0196,0.7266,0.7831,0.0176,0.1993,442,140,582,437,133,570,226,867,864,964,2,441,398
2024-11-27,577,437,140,392,184,427,335,319,3,3,396,0.4443,0.0042,0.5515,0.9311,0.0033,0.0655,442,140,582,437,133,570,53,718,863,786,15,441,397
2024-11-28,577,437,140,319,100,428,336,71,19,6,276,0.194,0.0519,0.7541,0.748,0.042,0.21,442,140,582,437,133,570,69,366,863,422,3,441,397
2024-11-29,577,437,140,369,146,424,340,42,3,3,460,0.0832,0.0059,0.9109,0.5773,0.0261,0.3966,442,140,582,437,133,570,85,505,864,571,1,440,399
2024-11-30,577,437,140,149,47,424,339,7,2,2,86,0.0737,0.0211,0.9053,0.4984,0.0188,0.4828,442,140,582,437,133,570,19,95,864,106,0,440,399
2024-12-01,577,437,140,140,43,423,339,4,0,0,109,0.0354,0,0.9646,0.4846,0.0239,0.4915,442,140,582,437,133,570,12,113,864,126,1,440,399
2024-12-02,577,437,140,240,92,418,329,62,5,8,261,0.189,0.0152,0.7957,0.5407,0.0244,0.4349,442,140,582,437,133,570,56,328,864,384,2,440,399
2024-12-03,577,437,140,378,176,418,330,202,44,0,618,0.2338,0.0509,0.7153,0.7677,0.0261,0.2062,442,140,582,437,133,570,144,864,865,969,2,440,401
2024-12-04,577,437,140,372,149,416,319,169,18,5,337,0.3225,0.0344,0.6431,0.87,0.0138,0.1162,442,140,582,437,133,570,47,524,865,566,0,440,399
2024-12-05,577,437,140,326,84,415,320,79,14,5,188,0.2811,0.0498,0.669,0.7369,0.1174,0.1456,442,140,582,437,133,570,40,281,865,313,2,439,397
2024-12-06,577,437,140,383,173,419,329,81,11,2,453,0.1486,0.0202,0.8312,0.6271,0.1182,0.2546,442,140,582,437,133,570,124,545,866,633,10,439,393
2024-12-07,577,437,140,254,52,419,326,15,46,1,79,0.1071,0.3286,0.5643,0.7342,0.1001,0.1657,442,140,582,437,133,570,9,140,867,155,1,439,392
2024-12-08,577,437,140,131,36,420,322,7,5,0,90,0.0686,0.049,0.8824,0.5,0.0307,0.4693,442,140,582,437,133,570,11,102,867,112,0,440,392
2024-12-09,577,437,140,258,104,422,322,69,41,0,299,0.1687,0.1002,0.7311,0.5604,0.0923,0.3473,442,140,582,437,133,570,45,409,867,455,3,440,393
2024-12-10,577,437,140,347,147,426,303,174,4,0,450,0.2771,0.0064,0.7166,0.715,0.0235,0.2615,442,140,582,437,133,570,188,628,867,774,2,439,391
2024-12-11,577,437,140,272,65,426,286,6,4,2,242,0.0238,0.0159,0.9603,0.6139,0.0259,0.3602,442,140,582,437,133,570,38,252,867,290,4,437,390
2024-12-12,577,437,140,320,81,422,280,50,6,3,291,0.1441,0.0173,0.8386,0.6382,0.1078,0.2539,442,140,582,437,133,570,113,347,867,415,2,437,390
2024-12-13,581,441,140,360,156,424,269,61,5,1,642,0.0862,0.0071,0.9068,0.6095,0.0697,0.3208,446,140,586,441,133,574,131,708,868,824,2,441,394
2024-12-14,583,443,140,184,62,426,272,4,9,6,317,0.0121,0.0273,0.9606,0.3141,0.1356,0.5503,448,140,588,443,133,576,36,330,868,361,1,442,394
2024-12-15,585,445,140,220,54,427,272,7,9,7,225,0.029,0.0373,0.9336,0.4596,0.055,0.4854,450,140,590,445,133,578,119,241,868,282,0,444,393
2024-12-16,586,446,140,365,102,426,277,45,9,5,361,0.1084,0.0217,0.8699,0.7141,0.0211,0.2648,451,140,591,446,133,579,95,415,868,626,1,446,393
2024-12-17,587,447,140,356,144,426,268,27,28,1,559,0.044,0.0456,0.9104,0.5442,0.0286,0.4272,452,140,592,447,133,580,370,614,868,836,2,445,393
2024-12-18,588,448,140,367,120,427,287,23,4,0,562,0.039,0.0068,0.9542,0.5222,0.0193,0.4585,453,140,593,448,133,581,125,589,869,690,4,447,395
2024-12-19,588,448,140,353,108,430,294,19,37,0,470,0.0361,0.0703,0.8935,0.465,0.0848,0.4502,453,140,593,448,133,581,136,526,870,1037,0,449,396
2024-12-20,590,450,140,391,194,435,309,62,68,6,662,0.0783,0.0859,0.8359,0.4396,0.0949,0.4656,455,140,595,450,133,583,257,792,869,1047,36,450,396
2024-12-21,591,451,140,136,51,437,309,8,11,0,176,0.041,0.0564,0.9026,0.2768,0.0417,0.6815,456,140,596,451,133,584,71,195,869,254,7,452,397
2024-12-22,592,452,140,121,51,440,313,8,0,0,117,0.064,0,0.936,0.2819,0.0201,0.698,457,140,597,452,133,585,29,125,870,159,1,453,397
2024-12-23,592,452,140,164,69,438,314,37,0,0,126,0.227,0,0.773,0.6179,0.0117,0.3705,457,140,597,452,133,585,55,163,871,203,0,453,396
2024-12-24,592,452,140,141,48,435,294,3,5,3,164,0.0174,0.0291,0.9535,0.2355,0.1836,0.5808,457,140,597,452,133,585,13,172,871,192,1,453,391
2024-12-25,594,454,140,81,30,430,266,0,4,3,89,0,0.043,0.957,0.22,0.145,0.635,459,140,599,454,133,587,10,93,871,103,0,453,390
2024-12-26,595,455,140,102,37,425,251,5,4,3,151,0.0313,0.025,0.9438,0.1418,0.1804,0.6778,460,140,600,455,133,588,15,160,871,175,0,454,393
2024-12-27,595,455,140,96,50,326,170,7,1,0,112,0.0583,0.0083,0.9333,0.3261,0.1,0.5739,460,140,600,455,133,588,4,120,871,127,0,455,397
2024-12-28,595,455,140,119,32,329,165,6,0,0,42,0.125,0,0.875,0.4924,0.139,0.3686,460,140,600,455,133,588,12,48,871,53,0,455,399
2024-12-29,595,455,140,117,25,331,155,3,0,0,56,0.0508,0,0.9492,0.6057,0.0143,0.3799,460,140,600,455,133,588,3,59,871,63,1,455,399
2024-12-30,596,456,140,56,11,301,125,1,0,0,25,0.0385,0,0.9615,0.608,0.008,0.384,461,140,601,456,133,589,12,26,871,36,0,455,398
2024-12-31,597,457,140,148,19,313,111,16,0,0,28,0.3636,0,0.6364,0.761,0.0094,0.2296,462,140,602,457,133,590,14,44,870,71,0,455,386
2025-01-01,597,457,140,149,25,335,115,8,0,0,48,0.1429,0,0.8571,0.7426,0.0059,0.2515,462,140,602,457,133,590,4,56,870,65,1,455,379
2025-01-02,597,457,140,103,21,342,105,4,0,0,43,0.0851,0,0.9149,0.4713,0.2213,0.3074,462,140,602,457,133,590,0,47,870,50,1,453,376
2025-01-03,597,457,140,169,20,352,87,2,0,0,36,0.0526,0,0.9474,0.7845,0.0172,0.1983,462,140,602,457,133,590,0,38,870,43,3,452,371
2025-01-04,597,457,140,122,28,359,87,15,0,0,38,0.283,0,0.717,0.6866,0.0112,0.3022,462,140,602,457,133,590,10,53,870,61,0,453,372
2025-01-05,598,458,140,117,30,366,89,6,1,0,73,0.075,0.0125,0.9125,0.5421,0.0293,0.4286,463,140,603,458,133,591,9,80,870,87,1,453,375
2025-01-06,600,460,140,299,76,402,119,47,15,0,219,0.1673,0.0534,0.7794,0.624,0.0719,0.3041,465,140,605,460,133,593,42,281,870,319,1,454,372
2025-01-07,601,461,140,347,78,417,146,26,24,0,185,0.1106,0.1021,0.7872,0.7325,0.0591,0.2084,466,140,606,461,133,594,28,235,870,278,2,454,369
2025-01-08,601,461,140,377,132,427,208,51,13,0,697,0.067,0.0171,0.9159,0.7137,0.0221,0.2642,466,140,606,461,133,594,110,761,871,850,0,454,386
2025-01-09,602,462,140,302,75,438,233,17,3,0,265,0.0596,0.0105,0.9298,0.6269,0.0561,0.317,467,140,607,462,133,595,27,285,871,313,1,457,389
2025-01-10,603,463,140,392,164,441,282,70,43,0,629,0.0943,0.058,0.8477,0.6336,0.0952,0.2711,468,140,608,463,133,596,99,742,875,823,1,457,385
2025-01-11,604,464,140,171,42,442,286,2,26,0,97,0.016,0.208,0.776,0.4928,0.2151,0.2921,469,140,609,464,133,597,2,125,875,131,0,460,387
2025-01-12,604,464,140,277,25,442,284,5,4,0,67,0.0658,0.0526,0.8816,0.7069,0.0443,0.2489,469,140,609,464,133,597,14,76,875,96,1,460,388
2025-01-13,604,464,140,236,63,443,283,14,7,3,161,0.0769,0.0385,0.8846,0.5278,0.1298,0.3424,469,140,609,464,133,597,27,182,875,211,0,460,390
2025-01-14,604,464,140,309,88,445,287,38,9,1,205,0.1508,0.0357,0.8135,0.7832,0.031,0.1858,469,140,609,464,133,597,15,252,875,272,1,460,380
2025-01-15,604,464,140,391,138,445,301,45,13,0,593,0.0691,0.02,0.9109,0.7227,0.037,0.2403,469,140,609,464,133,597,65,651,876,720,9,460,380
2025-01-16,604,464,140,367,97,444,304,57,14,1,410,0.1185,0.0291,0.8524,0.7301,0.0432,0.2267,469,140,609,464,133,597,50,481,877,518,3,459,374
2025-01-17,604,464,140,210,85,441,261,13,9,0,230,0.0516,0.0357,0.9127,0.3265,0.1684,0.5051,469,140,609,464,133,597,45,252,877,304,15,457,369
2025-01-18,604,464,140,181,76,442,264,23,3,0,243,0.0855,0.0112,0.9033,0.4305,0.0334,0.5361,469,140,609,464,133,597,32,269,877,305,1,456,371
2025-01-19,604,464,140,181,66,440,266,7,4,0,212,0.0314,0.0179,0.9507,0.3558,0.027,0.6172,469,140,609,464,133,597,50,223,877,251,1,454,366
2025-01-20,604,464,140,236,121,442,273,42,1,0,567,0.0689,0.0016,0.9295,0.3521,0.0085,0.6394,469,140,609,464,133,597,73,610,877,665,11,455,368
2025-01-21,605,465,140,367,161,443,298,120,23,0,537,0.1765,0.0338,0.7897,0.7846,0.0314,0.184,470,140,610,465,133,598,152,680,877,779,0,456,377
2025-01-22,605,465,140,371,112,441,285,38,24,0,641,0.0541,0.0341,0.9118,0.5878,0.0518,0.3604,470,140,610,465,133,598,76,703,878,757,0,456,379
2025-01-23,606,466,140,355,111,432,286,15,7,0,316,0.0444,0.0207,0.9349,0.5041,0.1108,0.3851,471,140,611,466,133,599,49,338,878,436,0,461,384
2025-01-24,606,466,140,414,174,445,320,283,49,0,955,0.2199,0.0381,0.742,0.6812,0.0755,0.2433,471,140,611,466,133,599,154,1287,879,1424,0,462,394
2025-01-25,606,466,140,266,68,450,320,12,6,0,227,0.049,0.0245,0.9265,0.6225,0.0449,0.3326,471,140,611,466,133,599,35,245,879,269,0,462,395
2025-01-26,606,466,140,213,77,451,321,17,45,0,344,0.0419,0.1108,0.8473,0.3984,0.0458,0.5558,471,140,611,466,133,599,67,406,879,438,1,462,397
2025-01-27,606,466,140,355,111,452,330,31,72,0,301,0.0767,0.1782,0.745,0.6088,0.1336,0.2576,471,140,611,466,133,599,81,404,879,464,0,462,396
2025-01-28,606,466,140,281,77,450,320,4,37,0,328,0.0108,0.1003,0.8889,0.3908,0.1493,0.4599,471,140,611,466,133,599,74,369,878,439,2,462,395
2025-01-29,606,466,140,315,78,450,313,4,15,1,298,0.0126,0.0473,0.9401,0.567,0.0907,0.3423,471,140,611,466,133,599,104,317,878,420,0,462,398
2025-01-30,606,466,140,298,90,448,309,4,15,0,345,0.011,0.0412,0.9478,0.5007,0.113,0.3863,471,140,611,466,133,599,119,364,878,466,0,463,400
2025-01-31,606,466,140,328,91,438,262,32,9,0,336,0.0849,0.0239,0.8912,0.7154,0.0561,0.2285,471,140,611,466,133,599,96,377,878,426,0,462,402
2025-02-01,606,466,140,221,57,436,252,12,2,0,163,0.0678,0.0113,0.9209,0.5205,0.0928,0.3866,471,140,611,466,133,599,62,177,878,217,1,462,402
2025-02-02,606,466,140,116,29,432,236,5,13,0,44,0.0806,0.2097,0.7097,0.5536,0.0625,0.3839,471,140,611,466,133,599,10,62,877,185,1,462,402
2025-02-03,606,466,140,278,43,422,202,22,37,2,122,0.1215,0.2044,0.674,0.6835,0.036,0.2806,471,140,611,466,133,599,33,181,877,208,0,461,402
2025-02-04,606,466,140,177,48,422,194,8,3,3,151,0.0494,0.0185,0.9321,0.3925,0.1463,0.4612,471,140,611,466,133,599,13,162,878,176,2,461,402
2025-02-05,606,466,140,288,42,421,185,12,1,0,164,0.0678,0.0056,0.9266,0.7348,0.0398,0.2254,471,140,611,466,133,599,13,177,878,192,7,462,400
2025-02-06,606,466,140,178,34,417,159,3,1,0,174,0.0169,0.0056,0.9775,0.4127,0.1199,0.4675,471,140,611,466,133,599,10,178,878,192,1,462,400
2025-02-07,606,466,140,143,59,405,140,8,0,0,299,0.0261,0,0.9739,0.1816,0.0527,0.7657,471,140,611,466,133,599,38,307,878,342,0,464,396
2025-02-08,606,466,140,89,40,401,130,0,2,0,186,0,0.0106,0.9894,0.1005,0.0924,0.8071,471,140,611,466,133,599,26,188,878,212,0,463,397
2025-02-09,606,466,140,94,35,404,133,4,1,0,108,0.0354,0.0088,0.9558,0.2788,0.052,0.6691,471,140,611,466,133,599,12,113,878,137,0,463,395
2025-02-10,606,466,140,289,38,397,125,3,0,0,151,0.0195,0,0.9805,0.7646,0.0131,0.2224,471,140,611,466,133,599,12,154,878,169,0,462,393
2025-02-11,606,466,140,260,34,404,124,3,42,0,115,0.0188,0.2625,0.7188,0.7297,0.0596,0.2108,471,140,611,466,133,599,13,160,877,173,0,465,389
2025-02-12,607,467,140,325,44,406,125,11,11,0,286,0.0357,0.0357,0.9286,0.6797,0.0416,0.2788,472,140,612,467,133,600,55,308,877,350,0,465,378
2025-02-13,607,467,140,175,37,409,127,0,4,0,157,0,0.0248,0.9752,0.3425,0.2642,0.3932,472,140,612,467,133,600,10,161,877,172,0,465,377
2025-02-14,607,467,140,285,48,412,125,6,3,0,357,0.0164,0.0082,0.9754,0.5195,0.0361,0.4444,472,140,612,467,133,600,26,366,877,389,2,465,374
2025-02-15,608,468,140,159,37,420,129,10,4,0,142,0.0641,0.0256,0.9103,0.5029,0.2042,0.2929,473,140,613,468,133,601,18,156,877,169,2,468,377
2025-02-16,611,471,140,118,46,425,132,8,0,0,309,0.0252,0,0.9748,0.3247,0.0575,0.6178,476,140,616,471,133,604,5,317,877,323,0,473,384
2025-02-17,612,472,140,140,55,426,136,9,5,0,221,0.0383,0.0213,0.9404,0.3845,0.0893,0.5262,477,140,617,472,133,605,7,235,879,246,0,474,382
2025-02-18,613,473,140,229,52,421,144,42,2,1,236,0.15,0.0071,0.8429,0.68,0.0382,0.2817,478,140,618,473,133,606,17,280,882,307,0,475,373
2025-02-19,613,473,140,249,43,406,138,13,5,0,224,0.0537,0.0207,0.9256,0.6101,0.0905,0.2994,478,140,618,473,133,606,15,242,882,255,0,474,369
2025-02-20,614,474,140,313,47,410,135,18,3,0,97,0.1525,0.0254,0.822,0.7765,0.09,0.1335,479,140,619,474,133,607,3,118,882,124,0,473,361
2025-02-21,614,474,140,284,48,412,134,6,3,0,147,0.0385,0.0192,0.9423,0.7308,0.062,0.2072,479,140,619,474,133,607,47,156,882,171,0,467,329
2025-02-22,614,474,140,147,43,410,136,16,0,0,184,0.08,0,0.92,0.5383,0.0443,0.4174,479,140,619,474,133,607,8,200,885,207,0,468,319
2025-02-23,615,475,140,191,35,415,133,5,3,0,134,0.0352,0.0211,0.9437,0.5957,0.0716,0.3327,480,140,620,475,133,608,11,142,885,154,1,470,309
2025-02-24,615,475,140,152,42,414,134,8,0,0,179,0.0428,0,0.9572,0.4832,0.0231,0.4937,480,140,620,475,133,608,17,187,885,207,0,467,290
2025-02-25,616,476,140,304,59,423,138,17,0,0,273,0.0586,0,0.9414,0.6816,0.005,0.3134,481,140,621,476,133,609,36,290,886,329,0,473,286
2025-02-26,616,476,140,297,52,433,137,6,0,0,217,0.0269,0,0.9731,0.7611,0.008,0.2308,481,140,621,476,133,609,16,223,886,248,0,474,280
2025-02-27,617,477,140,326,64,431,145,14,2,0,218,0.0598,0.0085,0.9316,0.7522,0.0491,0.1986,482,140,622,477,133,610,21,234,886,266,2,475,270
2025-02-28,617,477,140,234,68,432,152,18,0,0,247,0.0679,0,0.9321,0.5964,0.0108,0.3928,482,140,622,477,133,610,43,265,886,301,0,472,260
2025-03-01,617,477,140,136,54,432,154,20,0,0,151,0.117,0,0.883,0.4606,0.0192,0.5203,482,140,622,477,133,610,12,171,888,183,1,472,258
2025-03-02,617,477,140,143,48,435,158,23,1,0,149,0.1329,0.0058,0.8613,0.4923,0.1056,0.402,482,140,622,477,133,610,24,173,888,190,1,474,255
2025-03-03,619,479,140,359,56,445,161,15,3,0,226,0.0615,0.0123,0.9262,0.7498,0.04,0.2102,484,140,624,479,133,612,24,244,888,261,1,478,250
2025-03-04,621,481,140,330,50,444,167,26,7,0,291,0.0802,0.0216,0.8981,0.6262,0.1029,0.2709,486,140,626,481,133,614,30,324,888,351,0,481,256
2025-03-05,622,482,140,126,39,437,166,10,0,0,257,0.0375,0,0.9625,0.4102,0.0454,0.5444,487,140,627,482,133,615,13,267,888,284,0,480,254
2025-03-06,623,483,140,162,54,430,159,28,18,0,202,0.1129,0.0726,0.8145,0.3762,0.2955,0.3283,488,140,628,483,133,616,21,248,889,273,0,481,252
2025-03-07,625,485,140,241,60,431,159,19,10,0,184,0.0892,0.0469,0.8638,0.5596,0.1613,0.2792,490,140,630,485,133,618,35,213,889,245,1,481,256
2025-03-08,627,487,140,127,30,432,146,12,11,0,76,0.1212,0.1111,0.7677,0.4601,0.3277,0.2122,492,140,632,487,133,620,17,99,889,118,1,482,254
2025-03-09,627,487,140,229,34,433,139,18,6,0,79,0.1748,0.0583,0.767,0.7245,0.0843,0.1912,492,140,632,487,133,620,26,103,891,119,0,483,252
2025-03-10,627,487,140,326,56,427,143,33,0,0,208,0.1369,0,0.8631,0.7361,0.02,0.2439,492,140,632,487,133,620,65,241,891,284,0,485,253
2025-03-11,627,487,140,352,76,434,148,63,3,0,234,0.21,0.01,0.78,0.8006,0.014,0.1854,492,140,632,487,133,620,75,300,892,340,0,482,258
2025-03-12,628,488,140,290,65,439,152,26,1,0,156,0.1421,0.0055,0.8525,0.7489,0.0371,0.214,493,140,633,488,133,621,27,183,892,228,6,483,259
2025-03-13,630,490,140,331,75,447,169,28,5,0,311,0.0814,0.0145,0.9041,0.694,0.0598,0.2462,495,140,635,490,133,623,148,344,893,392,0,486,262
2025-03-14,630,490,140,201,52,446,169,35,1,0,151,0.1872,0.0053,0.8075,0.7436,0.0245,0.2319,495,140,635,490,133,623,16,187,893,197,0,485,262
2025-03-15,632,492,140,275,37,452,177,20,1,0,57,0.2564,0.0128,0.7308,0.866,0.0226,0.1114,497,140,637,492,133,625,13,78,893,90,0,487,267
2025-03-16,633,493,140,150,47,457,178,33,0,0,145,0.1854,0,0.8146,0.6219,0.0108,0.3674,498,140,638,493,133,626,13,178,894,193,2,488,267
2025-03-17,634,495,139,359,54,453,174,54,1,0,97,0.3553,0.0066,0.6382,0.8723,0.0421,0.0855,500,139,639,495,132,627,11,152,894,167,0,489,267
2025-03-18,634,495,139,363,59,454,179,60,10,0,159,0.262,0.0437,0.6943,0.8267,0.0322,0.1411,500,139,639,495,132,627,18,229,894,251,1,486,274
2025-03-19,635,496,139,394,78,464,189,69,2,0,166,0.2911,0.0084,0.7004,0.8041,0.0485,0.1473,501,139,640,496,132,628,31,237,895,271,0,488,286
2025-03-20,636,497,139,420,124,466,205,83,10,0,504,0.139,0.0168,0.8442,0.7185,0.0696,0.2119,502,139,641,497,132,629,84,597,900,684,1,488,301
2025-03-21,639,500,139,398,88,473,223,67,2,0,317,0.1736,0.0052,0.8212,0.7488,0.0257,0.2256,505,139,644,500,132,632,101,386,901,827,1,492,314
2025-03-22,640,501,139,307,58,475,225,51,0,0,325,0.1356,0,0.8644,0.6614,0.0113,0.3273,506,139,645,501,132,633,78,376,901,429,0,494,317
2025-03-23,642,503,139,133,42,477,227,35,11,0,105,0.2318,0.0728,0.6954,0.5895,0.0905,0.3199,508,139,647,503,132,635,41,151,902,180,0,496,320
2025-03-24,647,508,139,321,57,481,227,52,7,0,143,0.2574,0.0347,0.7079,0.8338,0.0336,0.1326,513,139,652,508,132,640,20,202,903,230,0,501,323
2025-03-25,648,509,139,373,74,483,230,49,4,0,434,0.1006,0.0082,0.8912,0.6585,0.0222,0.3192,514,139,653,509,132,641,83,487,904,571,0,501,326
2025-03-26,651,512,139,252,65,486,227,56,3,0,174,0.2403,0.0129,0.7468,0.7082,0.0606,0.2311,517,139,656,512,132,644,12,233,904,267,1,506,328
2025-03-27,656,517,139,263,51,484,191,33,0,0,107,0.2357,0,0.7643,0.8007,0.0774,0.1219,522,139,661,517,132,649,16,140,904,163,0,512,329
2025-03-28,658,519,139,312,58,482,172,34,3,0,408,0.0764,0.0067,0.9169,0.7505,0.0167,0.2327,524,139,663,519,132,651,13,445,904,463,0,513,331
2025-03-29,658,519,139,173,34,475,158,26,1,0,459,0.0535,0.0021,0.9444,0.5204,0.0255,0.4541,524,139,663,519,132,651,23,486,905,524,10,513,329
2025-03-30,659,520,139,159,30,481,158,10,2,0,136,0.0676,0.0135,0.9189,0.6712,0.0426,0.2861,525,139,664,520,132,652,7,148,905,161,0,518,329
2025-03-31,572,443,129,394,61,490,160,21,7,0,248,0.0761,0.0254,0.8986,0.852,0.0135,0.1345,449,129,578,443,123,566,15,276,905,427,0,523,333
2025-04-01,570,440,130,299,45,483,158,13,2,0,181,0.0663,0.0102,0.9235,0.7925,0.0493,0.1582,447,130,577,440,124,564,40,196,905,259,1,526,332
2025-04-02,575,445,130,299,52,493,152,23,7,0,191,0.1041,0.0317,0.8643,0.7917,0.0441,0.1642,450,130,580,445,124,569,33,221,905,264,2,531,334
2025-04-03,581,447,134,248,81,495,164,81,12,2,484,0.1404,0.0208,0.8388,0.6123,0.084,0.3036,452,134,586,447,128,575,48,577,926,850,0,539,342
2025-04-04,591,457,134,337,80,504,173,89,54,0,374,0.1721,0.1044,0.7234,0.7441,0.098,0.158,465,134,599,457,128,585,226,517,926,729,0,549,343
2025-04-05,592,458,134,201,29,504,171,2,0,0,125,0.0157,0,0.9843,0.727,0.0347,0.2382,466,134,600,458,128,586,13,127,926,146,0,550,347
2025-04-06,592,458,134,187,40,502,172,11,0,0,231,0.0455,0,0.9545,0.6208,0.0164,0.3628,466,134,600,458,128,586,20,242,926,259,1,551,346
2025-04-07,593,459,134,366,82,441,169,70,6,0,415,0.1426,0.0122,0.8452,0.8267,0.0111,0.1621,472,134,606,459,128,587,64,491,930,658,6,552,345
2025-04-08,590,456,134,339,73,444,184,28,2,0,319,0.0802,0.0057,0.914,0.7854,0.0102,0.2044,465,134,599,456,128,584,55,349,930,631,1,553,345
2025-04-09,578,453,125,324,61,441,185,17,4,5,285,0.0556,0.0131,0.9314,0.7739,0.0082,0.2179,462,125,587,453,119,572,42,306,931,356,0,553,340
2025-04-10,579,454,125,333,65,439,185,16,0,0,307,0.0495,0,0.9505,0.8049,0.0197,0.1754,463,125,588,454,119,573,32,323,932,354,0,553,331
2025-04-11,568,454,114,330,49,438,175,12,1,2,146,0.0755,0.0063,0.9182,0.8503,0.0147,0.1351,460,114,574,454,111,565,133,159,933,182,1,552,332
2025-04-12,568,454,114,151,28,434,175,3,1,1,77,0.037,0.0123,0.9506,0.7633,0.0149,0.2217,460,114,574,454,111,565,14,81,933,93,1,552,331
2025-04-13,568,454,114,239,32,433,178,6,4,4,200,0.0286,0.019,0.9524,0.7665,0.008,0.2255,460,114,574,454,111,565,9,210,933,219,0,552,332
2025-04-14,571,454,117,366,84,433,177,54,25,2,256,0.1612,0.0746,0.7642,0.8379,0.0321,0.13,460,117,577,454,113,567,33,335,933,485,2,554,331
2025-04-15,573,456,117,352,78,443,185,62,3,0,416,0.1289,0.0062,0.8649,0.7671,0.0075,0.2254,460,117,577,456,113,569,31,481,932,523,2,558,330
2025-04-16,574,457,117,407,110,456,213,95,0,0,874,0.098,0,0.902,0.8474,0.0026,0.15,460,117,577,457,113,570,71,969,934,1056,1,558,341
2025-04-17,573,456,117,422,106,460,232,38,7,0,442,0.078,0.0144,0.9076,0.8473,0.02,0.1327,458,117,575,456,113,569,57,487,936,566,1,558,337
2025-04-18,573,456,117,435,139,461,272,44,0,0,654,0.063,0,0.937,0.7854,0.0238,0.1908,458,117,575,456,113,569,83,698,937,789,2,558,354
2025-04-19,573,456,117,358,46,461,276,87,0,0,165,0.3452,0,0.6548,0.8965,0.0005,0.103,458,117,575,456,114,570,30,252,937,278,0,557,357
2025-04-20,573,456,117,285,23,461,277,14,1,0,77,0.1522,0.0109,0.837,0.8429,0.0449,0.1122,458,117,575,456,114,570,8,92,936,96,0,557,357
2025-04-21,573,456,117,387,143,463,294,55,11,7,571,0.0863,0.0173,0.8964,0.7786,0.0214,0.1999,458,117,575,456,114,570,84,637,935,687,0,558,367
2025-04-22,573,456,117,397,114,462,315,100,4,5,474,0.173,0.0069,0.8201,0.7777,0.0149,0.2074,458,117,575,456,114,570,130,578,936,660,2,556,379
2025-04-23,573,456,117,395,185,460,329,100,10,0,1300,0.0709,0.0071,0.922,0.7564,0.0128,0.2308,458,117,575,456,114,570,68,1410,935,1468,1,555,390
2025-04-24,572,456,116,406,158,459,334,167,21,12,535,0.231,0.029,0.74,0.7801,0.0352,0.1848,458,116,574,456,113,569,58,723,935,860,1,554,390
2025-04-25,571,455,116,389,166,459,333,97,7,0,497,0.1614,0.0116,0.827,0.7045,0.049,0.2465,457,116,573,455,113,568,55,601,935,876,1,550,404
2025-04-26,571,455,116,195,64,458,332,14,2,2,381,0.0353,0.005,0.9597,0.4121,0.0309,0.557,457,116,573,455,113,568,29,397,935,445,1,548,403
2025-04-27,571,455,116,291,83,459,335,29,0,0,545,0.0505,0,0.9495,0.4857,0.0044,0.5099,457,116,573,455,113,568,50,574,935,615,1,544,405
2025-04-28,572,455,117,396,139,462,341,101,6,6,775,0.1145,0.0068,0.8787,0.7171,0.0032,0.2797,457,117,574,455,114,569,165,882,935,989,0,480,403
2025-04-29,572,455,117,371,133,462,332,43,6,10,1038,0.0396,0.0055,0.9549,0.5183,0.0124,0.4693,457,117,574,455,114,569,228,1087,935,1213,1,480,408
2025-04-30,572,455,117,353,77,460,319,76,6,0,610,0.1098,0.0087,0.8815,0.8827,0.0056,0.1117,457,117,574,455,114,569,28,692,937,816,16,479,406
2025-05-01,572,455,117,175,36,456,298,11,0,0,115,0.0873,0,0.9127,0.5526,0.0789,0.3684,457,117,574,455,114,569,11,126,937,147,1,477,404
2025-05-02,572,455,117,156,47,447,254,11,0,0,215,0.0487,0,0.9513,0.5745,0.0182,0.4073,457,117,574,455,114,569,28,226,937,250,4,477,405
2025-05-03,572,455,117,199,28,444,247,10,0,0,58,0.1471,0,0.8529,0.7547,0.0081,0.2372,457,117,574,455,114,569,28,68,937,81,3,475,406
2025-05-04,572,455,117,145,28,445,241,15,0,0,50,0.2308,0,0.7692,0.7443,0.0197,0.2361,457,117,574,455,114,569,10,65,937,75,2,475,406
2025-05-05,572,455,117,109,39,431,200,32,1,1,144,0.1808,0.0056,0.8136,0.5289,0.0058,0.4653,457,117,574,455,114,569,33,177,937,202,0,473,402
2025-05-06,572,455,117,91,27,417,143,19,0,0,224,0.0782,0,0.9218,0.3535,0.0116,0.6349,457,117,574,455,114,569,12,243,937,248,0,473,402
2025-05-07,572,455,117,377,117,421,180,121,4,0,512,0.19,0.0063,0.8038,0.8476,0.0213,0.131,457,117,574,455,114,569,32,637,937,670,0,473,402
2025-05-08,572,455,117,361,96,436,204,68,5,5,341,0.1643,0.0121,0.8237,0.7784,0.028,0.1936,457,117,574,455,114,569,109,414,937,469,0,474,401
2025-05-09,572,455,117,352,133,444,255,141,17,0,419,0.2444,0.0295,0.7262,0.7576,0.0652,0.1773,457,117,574,455,114,569,67,577,937,634,0,474,404
2025-05-10,572,455,117,228,43,442,257,46,27,0,242,0.146,0.0857,0.7683,0.591,0.0968,0.3123,457,117,574,455,114,569,55,315,938,355,0,473,403
2025-05-11,572,455,117,219,66,440,263,108,33,0,429,0.1895,0.0579,0.7526,0.5124,0.0451,0.4426,457,117,574,455,114,569,68,570,938,635,1,473,403
2025-05-12,572,455,117,363,117,442,277,98,57,0,369,0.187,0.1088,0.7042,0.7164,0.0861,0.1975,457,117,574,455,114,569,59,524,936,580,3,473,401
2025-05-13,572,455,117,367,95,444,296,26,19,1,396,0.059,0.0431,0.898,0.7018,0.0295,0.2687,457,117,574,455,114,569,128,441,936,527,0,473,403
2025-05-14,575,455,120,329,61,446,263,37,4,0,762,0.0461,0.005,0.9489,0.6833,0.0137,0.303,457,120,577,455,117,572,34,803,936,836,0,474,402
2025-05-15,576,456,120,371,76,450,267,27,6,4,388,0.0641,0.0143,0.9216,0.7573,0.0279,0.2148,458,120,578,456,117,573,63,421,936,484,0,476,402
2025-05-16,576,456,120,355,117,449,268,144,2,0,492,0.2257,0.0031,0.7712,0.8172,0.0176,0.1651,458,120,578,456,117,573,167,638,936,787,0,475,397
2025-05-17,576,456,120,182,41,447,266,28,1,0,248,0.1011,0.0036,0.8953,0.5363,0.0099,0.4538,458,120,578,456,117,573,47,277,936,316,1,475,397
2025-05-18,576,456,120,174,30,447,257,16,10,0,250,0.058,0.0362,0.9058,0.5131,0.0429,0.444,458,120,578,456,117,573,23,276,936,298,0,474,396
2025-05-19,576,456,120,241,148,448,279,243,7,0,304,0.4386,0.0126,0.5487,0.7428,0.0352,0.222,458,120,578,456,117,573,78,554,936,656,0,473,398
2025-05-20,576,456,120,340,87,447,283,29,0,0,769,0.0363,0,0.9637,0.5625,0.0046,0.4329,458,120,578,456,117,573,76,798,936,877,0,473,398
2025-05-21,576,456,120,266,32,446,275,12,1,1,252,0.0453,0.0038,0.9509,0.6155,0.0054,0.3791,458,120,578,456,117,573,18,265,936,287,0,472,394
2025-05-22,576,456,120,358,81,443,272,53,4,14,353,0.1293,0.0098,0.861,0.7609,0.0336,0.2055,458,120,578,456,117,573,40,410,936,445,0,473,390
2025-05-23,576,456,120,392,117,441,274,78,5,2,328,0.1898,0.0122,0.7981,0.8165,0.0291,0.1543,458,120,578,456,117,573,110,411,936,508,0,474,381
2025-05-24,576,456,120,98,27,437,272,22,0,0,393,0.053,0,0.947,0.2545,0.0054,0.7401,458,120,578,456,117,573,28,415,936,451,11,474,381
2025-05-25,576,456,120,91,39,436,275,37,0,0,112,0.2483,0,0.7517,0.4458,0.0042,0.55,458,120,578,456,117,573,16,149,936,166,0,474,380
2025-05-26,576,456,120,297,82,438,231,61,3,0,375,0.139,0.0068,0.8542,0.8046,0.018,0.1774,458,120,578,456,117,573,92,439,936,495,0,471,368
2025-05-27,576,456,120,333,151,443,277,123,6,2,497,0.1965,0.0096,0.7939,0.7884,0.0229,0.1887,458,120,578,456,117,573,90,626,936,709,24,472,376
2025-05-28,576,456,120,353,119,447,297,109,0,0,926,0.1053,0,0.8947,0.7973,0.0011,0.2015,458,120,578,456,117,573,94,1035,937,1200,78,472,380
2025-05-29,576,456,120,334,120,445,307,68,0,12,400,0.1453,0,0.8547,0.6822,0.0159,0.3018,458,120,578,456,117,573,79,468,937,518,14,471,388
2025-05-30,576,456,120,381,145,439,313,127,11,1,637,0.1639,0.0142,0.8219,0.7556,0.0413,0.2031,458,120,578,456,117,573,57,775,937,822,0,471,393
2025-05-31,576,456,120,124,44,441,315,21,6,1,370,0.0529,0.0151,0.932,0.3067,0.0203,0.673,458,120,578,456,117,573,58,397,936,474,32,469,395
2025-06-01,576,456,120,171,50,440,313,8,2,0,269,0.0287,0.0072,0.9642,0.3659,0.0307,0.6034,458,120,578,456,117,573,32,279,936,308,1,469,394
2025-06-02,576,456,120,328,112,439,322,109,28,0,332,0.2324,0.0597,0.7079,0.6928,0.1092,0.198,458,120,578,456,117,573,80,469,935,621,96,470,396
2025-06-03,576,456,120,334,105,438,297,67,3,0,604,0.0994,0.0045,0.8961,0.5852,0.0144,0.4004,458,120,578,456,117,573,92,674,936,785,40,470,398
2025-06-04,576,456,120,372,204,440,331,570,1,1,1209,0.3202,0.0006,0.6792,0.8299,0.0032,0.1669,458,120,578,456,117,573,97,1780,936,1886,27,470,398
2025-06-05,577,456,121,349,95,452,328,55,4,3,415,0.116,0.0084,0.8755,0.6258,0.0339,0.3402,458,121,579,456,118,574,70,474,936,524,0,473,401
2025-06-06,577,456,121,347,135,455,322,100,22,0,490,0.1634,0.0359,0.8007,0.695,0.0469,0.2582,458,121,579,456,118,574,55,612,936,665,0,473,401
